{"CALA N": -0.3821, "CALA H": 0.2681, "CALA CA": -0.1747, "CALA HA": 0.1067, "CALA CB": -0.2093, "CALA HB1": 0.0764, "CALA HB2": 0.0764, "CALA HB3": 0.0764, "CALA C": 0.7731, "CALA O": -0.8055, "CALA OXT": -0.8055, "CARG N": -0.3481, "CARG H": 0.2764, "CARG CA": -0.3068, "CARG HA": 0.1447, "CARG CB": -0.0374, "CARG HB2": 0.0371, "CARG HB3": 0.0371, "CARG CG": 0.0744, "CARG HG2": 0.0185, "CARG HG3": 0.0185, "CARG CD": 0.1114, "CARG HD2": 0.0468, "CARG HD3": 0.0468, "CARG NE": -0.5564, "CARG HE": 0.3479, "CARG CZ": 0.8368, "CARG NH1": -0.8737, "CARG HH11": 0.4493, "CARG HH12": 0.4493, "CARG NH2": -0.8737, "CARG HH21": 0.4493, "CARG HH22": 0.4493, "CARG C": 0.8557, "CARG O": -0.8266, "CARG OXT": -0.8266, "CASN N": -0.3821, "CASN H": 0.2681, "CASN CA": -0.208, "CASN HA": 0.1358, "CASN CB": -0.2299, "CASN HB2": 0.1023, "CASN HB3": 0.1023, "CASN CG": 0.7153, "CASN OD1": -0.601, "CASN ND2": -0.9084, "CASN HD21": 0.415, "CASN HD22": 0.415, "CASN C": 0.805, "CASN O": -0.8147, "CASN OXT": -0.8147, "CASP N": -0.5192, "CASP H": 0.3055, "CASP CA": -0.1817, "CASP HA": 0.1046, "CASP CB": -0.0677, "CASP HB2": -0.0212, "CASP HB3": -0.0212, "CASP CG": 0.8851, "CASP OD1": -0.8162, "CASP OD2": -0.8162, "CASP C": 0.7256, "CASP O": -0.7887, "CASP OXT": -0.7887, "CCYS N": -0.3821, "CCYS H": 0.2681, "CCYS CA": -0.1635, "CCYS HA": 0.1396, "CCYS CB": -0.1996, "CCYS HB2": 0.1437, "CCYS HB3": 0.1437, "CCYS SG": -0.3102, "CCYS HG": 0.2068, "CCYS C": 0.7497, "CCYS O": -0.7981, "CCYS OXT": -0.7981, "CCYX N": -0.3821, "CCYX H": 0.2681, "CCYX CA": -0.1318, "CCYX HA": 0.0938, "CCYX CB": -0.1943, "CCYX HB2": 0.1228, "CCYX HB3": 0.1228, "CCYX SG": -0.0529, "CCYX C": 0.7618, "CCYX O": -0.8041, "CCYX OXT": -0.8041, "CGLN N": -0.3821, "CGLN H": 0.2681, "CGLN CA": -0.2248, "CGLN HA": 0.1232, "CGLN CB": -0.0664, "CGLN HB2": 0.0452, "CGLN HB3": 0.0452, "CGLN CG": -0.021, "CGLN HG2": 0.0203, "CGLN HG3": 0.0203, "CGLN CD": 0.7093, "CGLN OE1": -0.6098, "CGLN NE2": -0.9574, "CGLN HE21": 0.4304, "CGLN HE22": 0.4304, "CGLN C": 0.7775, "CGLN O": -0.8042, "CGLN OXT": -0.8042, "CGLU N": -0.5192, "CGLU H": 0.3055, "CGLU CA": -0.2059, "CGLU HA": 0.1399, "CGLU CB": 0.0071, "CGLU HB2": -0.0078, "CGLU HB3": -0.0078, "CGLU CG": 0.0675, "CGLU HG2": -0.0548, "CGLU HG3": -0.0548, "CGLU CD": 0.8183, "CGLU OE1": -0.822, "CGLU OE2": -0.822, "CGLU C": 0.742, "CGLU O": -0.793, "CGLU OXT": -0.793, "CGLY N": -0.3821, "CGLY H": 0.2681, "CGLY CA": -0.2493, "CGLY HA2": 0.1056, "CGLY HA3": 0.1056, "CGLY C": 0.7231, "CGLY O": -0.7855, "CGLY OXT": -0.7855, "CHID N": -0.3821, "CHID H": 0.2681, "CHID CA": -0.1739, "CHID HA": 0.11, "CHID CB": -0.1046, "CHID HB2": 0.0565, "CHID HB3": 0.0565, "CHID CG": 0.0293, "CHID ND1": -0.3892, "CHID HD1": 0.3755, "CHID CE1": 0.1925, "CHID HE1": 0.1418, "CHID NE2": -0.5629, "CHID CD2": 0.1001, "CHID HD2": 0.1241, "CHID C": 0.7615, "CHID O": -0.8016, "CHID OXT": -0.8016, "CHIE N": -0.3821, "CHIE H": 0.2681, "CHIE CA": -0.2699, "CHIE HA": 0.165, "CHIE CB": -0.1068, "CHIE HB2": 0.062, "CHIE HB3": 0.062, "CHIE CG": 0.2724, "CHIE ND1": -0.5517, "CHIE CE1": 0.1558, "CHIE HE1": 0.1448, "CHIE NE2": -0.267, "CHIE HE2": 0.3319, "CHIE CD2": -0.2588, "CHIE HD2": 0.1957, "CHIE C": 0.7916, "CHIE O": -0.8065, "CHIE OXT": -0.8065, "CHIP N": -0.3481, "CHIP H": 0.2764, "CHIP CA": -0.1445, "CHIP HA": 0.1115, "CHIP CB": -0.08, "CHIP HB2": 0.0868, "CHIP HB3": 0.0868, "CHIP CG": 0.0298, "CHIP ND1": -0.1501, "CHIP HD1": 0.3883, "CHIP CE1": -0.0251, "CHIP HE1": 0.2694, "CHIP NE2": -0.1683, "CHIP HE2": 0.3913, "CHIP CD2": -0.1256, "CHIP HD2": 0.2336, "CHIP C": 0.8032, "CHIP O": -0.8177, "CHIP OXT": -0.8177, "CILE N": -0.3821, "CILE H": 0.2681, "CILE CA": -0.31, "CILE HA": 0.1375, "CILE CB": 0.0363, "CILE HB": 0.0766, "CILE CG2": -0.3498, "CILE HG21": 0.1021, "CILE HG22": 0.1021, "CILE HG23": 0.1021, "CILE CG1": -0.0323, "CILE HG12": 0.0321, "CILE HG13": 0.0321, "CILE CD1": -0.0699, "CILE HD11": 0.0196, "CILE HD12": 0.0196, "CILE HD13": 0.0196, "CILE C": 0.8343, "CILE O": -0.819, "CILE OXT": -0.819, "CLEU N": -0.3821, "CLEU H": 0.2681, "CLEU CA": -0.2847, "CLEU HA": 0.1346, "CLEU CB": -0.2469, "CLEU HB2": 0.0974, "CLEU HB3": 0.0974, "CLEU CG": 0.3706, "CLEU HG": -0.0374, "CLEU CD1": -0.4163, "CLEU HD11": 0.1038, "CLEU HD12": 0.1038, "CLEU HD13": 0.1038, "CLEU CD2": -0.4163, "CLEU HD21": 0.1038, "CLEU HD22": 0.1038, "CLEU HD23": 0.1038, "CLEU C": 0.8326, "CLEU O": -0.8199, "CLEU OXT": -0.8199, "CLYS N": -0.3481, "CLYS H": 0.2764, "CLYS CA": -0.2903, "CLYS HA": 0.1438, "CLYS CB": -0.0538, "CLYS HB2": 0.0482, "CLYS HB3": 0.0482, "CLYS CG": 0.0227, "CLYS HG2": 0.0134, "CLYS HG3": 0.0134, "CLYS CD": -0.0392, "CLYS HD2": 0.0611, "CLYS HD3": 0.0611, "CLYS CE": -0.0176, "CLYS HE2": 0.1121, "CLYS HE3": 0.1121, "CLYS NZ": -0.3741, "CLYS HZ1": 0.3374, "CLYS HZ2": 0.3374, "CLYS HZ3": 0.3374, "CLYS C": 0.8488, "CLYS O": -0.8252, "CLYS OXT": -0.8252, "CMET N": -0.3821, "CMET H": 0.2681, "CMET CA": -0.2597, "CMET HA": 0.1277, "CMET CB": -0.0236, "CMET HB2": 0.048, "CMET HB3": 0.048, "CMET CG": 0.0492, "CMET HG2": 0.0317, "CMET HG3": 0.0317, "CMET SD": -0.2692, "CMET CE": -0.0376, "CMET HE1": 0.0625, "CMET HE2": 0.0625, "CMET HE3": 0.0625, "CMET C": 0.8013, "CMET O": -0.8105, "CMET OXT": -0.8105, "CPHE N": -0.3821, "CPHE H": 0.2681, "CPHE CA": -0.1825, "CPHE HA": 0.1098, "CPHE CB": -0.0959, "CPHE HB2": 0.0443, "CPHE HB3": 0.0443, "CPHE CG": 0.0552, "CPHE CD1": -0.13, "CPHE HD1": 0.1408, "CPHE CE1": -0.1847, "CPHE HE1": 0.1461, "CPHE CZ": -0.0944, "CPHE HZ": 0.128, "CPHE CE2": -0.1847, "CPHE HE2": 0.1461, "CPHE CD2": -0.13, "CPHE HD2": 0.1408, "CPHE C": 0.766, "CPHE O": -0.8026, "CPHE OXT": -0.8026, "CPRO N": -0.2802, "CPRO CD": 0.0434, "CPRO HD2": 0.0331, "CPRO HD3": 0.0331, "CPRO CG": 0.0466, "CPRO HG2": 0.0172, "CPRO HG3": 0.0172, "CPRO CB": -0.0543, "CPRO HB2": 0.0381, "CPRO HB3": 0.0381, "CPRO CA": -0.1336, "CPRO HA": 0.0776, "CPRO C": 0.6631, "CPRO O": -0.7697, "CPRO OXT": -0.7697, "CSER N": -0.3821, "CSER H": 0.2681, "CSER CA": -0.2722, "CSER HA": 0.1304, "CSER CB": 0.1123, "CSER HB2": 0.0813, "CSER HB3": 0.0813, "CSER OG": -0.6514, "CSER HG": 0.4474, "CSER C": 0.8113, "CSER O": -0.8132, "CSER OXT": -0.8132, "CTHR N": -0.3821, "CTHR H": 0.2681, "CTHR CA": -0.242, "CTHR HA": 0.1207, "CTHR CB": 0.3025, "CTHR HB": 0.0078, "CTHR CG2": -0.1853, "CTHR HG21": 0.0586, "CTHR HG22": 0.0586, "CTHR HG23": 0.0586, "CTHR OG1": -0.6496, "CTHR HG1": 0.4119, "CTHR C": 0.781, "CTHR O": -0.8044, "CTHR OXT": -0.8044, "CTRP N": -0.3821, "CTRP H": 0.2681, "CTRP CA": -0.2084, "CTRP HA": 0.1272, "CTRP CB": -0.0742, "CTRP HB2": 0.0497, "CTRP HB3": 0.0497, "CTRP CG": -0.0796, "CTRP CD1": -0.1808, "CTRP HD1": 0.2043, "CTRP NE1": -0.3316, "CTRP HE1": 0.3413, "CTRP CE2": 0.1222, "CTRP CZ2": -0.2594, "CTRP HZ2": 0.1567, "CTRP CH2": -0.102, "CTRP HH2": 0.1401, "CTRP CZ3": -0.2287, "CTRP HZ3": 0.1507, "CTRP CE3": -0.1837, "CTRP HE3": 0.1491, "CTRP CD2": 0.1078, "CTRP C": 0.7658, "CTRP O": -0.8011, "CTRP OXT": -0.8011, "CTYR N": -0.3821, "CTYR H": 0.2681, "CTYR CA": -0.2015, "CTYR HA": 0.1092, "CTYR CB": -0.0752, "CTYR HB2": 0.049, "CTYR HB3": 0.049, "CTYR CG": 0.0243, "CTYR CD1": -0.1922, "CTYR HD1": 0.178, "CTYR CE1": -0.2458, "CTYR HE1": 0.1673, "CTYR CZ": 0.3395, "CTYR OH": -0.5643, "CTYR HH": 0.4017, "CTYR CE2": -0.2458, "CTYR HE2": 0.1673, "CTYR CD2": -0.1922, "CTYR HD2": 0.178, "CTYR C": 0.7817, "CTYR O": -0.807, "CTYR OXT": -0.807, "CVAL N": -0.3821, "CVAL H": 0.2681, "CVAL CA": -0.3438, "CVAL HA": 0.1438, "CVAL CB": 0.194, "CVAL HB": 0.0308, "CVAL CG1": -0.3064, "CVAL HG11": 0.0836, "CVAL HG12": 0.0836, "CVAL HG13": 0.0836, "CVAL CG2": -0.3064, "CVAL HG21": 0.0836, "CVAL HG22": 0.0836, "CVAL HG23": 0.0836, "CVAL C": 0.835, "CVAL O": -0.8173, "CVAL OXT": -0.8173, "NHE N": -0.463, "NHE HN1": 0.2315, "NHE HN2": 0.2315, "NME N": -0.4157, "NME H": 0.2719, "NME CH3": -0.149, "NME HH31": 0.0976, "NME HH32": 0.0976, "NME HH33": 0.0976, "ACE HH31": 0.1123, "ACE CH3": -0.3662, "ACE HH32": 0.1123, "ACE HH33": 0.1123, "ACE C": 0.5972, "ACE O": -0.5679, "NALA N": 0.1414, "NALA H1": 0.1997, "NALA H2": 0.1997, "NALA H3": 0.1997, "NALA CA": 0.0962, "NALA HA": 0.0889, "NALA CB": -0.0597, "NALA HB1": 0.03, "NALA HB2": 0.03, "NALA HB3": 0.03, "NALA C": 0.6163, "NALA O": -0.5722, "NARG N": 0.1305, "NARG H1": 0.2083, "NARG H2": 0.2083, "NARG H3": 0.2083, "NARG CA": -0.0223, "NARG HA": 0.1242, "NARG CB": 0.0118, "NARG HB2": 0.0226, "NARG HB3": 0.0226, "NARG CG": 0.0236, "NARG HG2": 0.0309, "NARG HG3": 0.0309, "NARG CD": 0.0935, "NARG HD2": 0.0527, "NARG HD3": 0.0527, "NARG NE": -0.565, "NARG HE": 0.3592, "NARG CZ": 0.8281, "NARG NH1": -0.8693, "NARG HH11": 0.4494, "NARG HH12": 0.4494, "NARG NH2": -0.8693, "NARG HH21": 0.4494, "NARG HH22": 0.4494, "NARG C": 0.7214, "NARG O": -0.6013, "NASN N": 0.1801, "NASN H1": 0.1921, "NASN H2": 0.1921, "NASN H3": 0.1921, "NASN CA": 0.0368, "NASN HA": 0.1231, "NASN CB": -0.0283, "NASN HB2": 0.0515, "NASN HB3": 0.0515, "NASN CG": 0.5833, "NASN OD1": -0.5744, "NASN ND2": -0.8634, "NASN HD21": 0.4097, "NASN HD22": 0.4097, "NASN C": 0.6163, "NASN O": -0.5722, "NASP N": 0.0782, "NASP H1": 0.22, "NASP H2": 0.22, "NASP H3": 0.22, "NASP CA": 0.0292, "NASP HA": 0.1141, "NASP CB": -0.0235, "NASP HB2": -0.0169, "NASP HB3": -0.0169, "NASP CG": 0.8194, "NASP OD1": -0.8084, "NASP OD2": -0.8084, "NASP C": 0.5621, "NASP O": -0.5889, "NCYS N": 0.1325, "NCYS H1": 0.2023, "NCYS H2": 0.2023, "NCYS H3": 0.2023, "NCYS CA": 0.0927, "NCYS HA": 0.1411, "NCYS CB": -0.1195, "NCYS HB2": 0.1188, "NCYS HB3": 0.1188, "NCYS SG": -0.3298, "NCYS HG": 0.1975, "NCYS C": 0.6123, "NCYS O": -0.5713, "NCYX N": 0.2069, "NCYX H1": 0.1815, "NCYX H2": 0.1815, "NCYX H3": 0.1815, "NCYX CA": 0.1055, "NCYX HA": 0.0922, "NCYX CB": -0.0277, "NCYX HB2": 0.068, "NCYX HB3": 0.068, "NCYX SG": -0.0984, "NCYX C": 0.6123, "NCYX O": -0.5713, "NGLN N": 0.1493, "NGLN H1": 0.1996, "NGLN H2": 0.1996, "NGLN H3": 0.1996, "NGLN CA": 0.0536, "NGLN HA": 0.1015, "NGLN CB": 0.0651, "NGLN HB2": 0.005, "NGLN HB3": 0.005, "NGLN CG": -0.0903, "NGLN HG2": 0.0331, "NGLN HG3": 0.0331, "NGLN CD": 0.7354, "NGLN OE1": -0.6133, "NGLN NE2": -1.0031, "NGLN HE21": 0.4429, "NGLN HE22": 0.4429, "NGLN C": 0.6123, "NGLN O": -0.5713, "NGLU N": 0.0017, "NGLU H1": 0.2391, "NGLU H2": 0.2391, "NGLU H3": 0.2391, "NGLU CA": 0.0588, "NGLU HA": 0.1202, "NGLU CB": 0.0909, "NGLU HB2": -0.0232, "NGLU HB3": -0.0232, "NGLU CG": -0.0236, "NGLU HG2": -0.0315, "NGLU HG3": -0.0315, "NGLU CD": 0.8087, "NGLU OE1": -0.8189, "NGLU OE2": -0.8189, "NGLU C": 0.5621, "NGLU O": -0.5889, "NGLY N": 0.2943, "NGLY H1": 0.1642, "NGLY H2": 0.1642, "NGLY H3": 0.1642, "NGLY CA": -0.01, "NGLY HA2": 0.0895, "NGLY HA3": 0.0895, "NGLY C": 0.6163, "NGLY O": -0.5722, "NHID N": 0.1542, "NHID H1": 0.1963, "NHID H2": 0.1963, "NHID H3": 0.1963, "NHID CA": 0.0964, "NHID HA": 0.0958, "NHID CB": 0.0259, "NHID HB2": 0.0209, "NHID HB3": 0.0209, "NHID CG": -0.0399, "NHID ND1": -0.3819, "NHID HD1": 0.3632, "NHID CE1": 0.2127, "NHID HE1": 0.1385, "NHID NE2": -0.5711, "NHID CD2": 0.1046, "NHID HD2": 0.1299, "NHID C": 0.6123, "NHID O": -0.5713, "NHIE N": 0.1472, "NHIE H1": 0.2016, "NHIE H2": 0.2016, "NHIE H3": 0.2016, "NHIE CA": 0.0236, "NHIE HA": 0.138, "NHIE CB": 0.0489, "NHIE HB2": 0.0223, "NHIE HB3": 0.0223, "NHIE CG": 0.174, "NHIE ND1": -0.5579, "NHIE CE1": 0.1804, "NHIE HE1": 0.1397, "NHIE NE2": -0.2781, "NHIE HE2": 0.3324, "NHIE CD2": -0.2349, "NHIE HD2": 0.1963, "NHIE C": 0.6123, "NHIE O": -0.5713, "NHIP N": 0.256, "NHIP H1": 0.1704, "NHIP H2": 0.1704, "NHIP H3": 0.1704, "NHIP CA": 0.0581, "NHIP HA": 0.1047, "NHIP CB": 0.0484, "NHIP HB2": 0.0531, "NHIP HB3": 0.0531, "NHIP CG": -0.0236, "NHIP ND1": -0.151, "NHIP HD1": 0.3821, "NHIP CE1": -0.0011, "NHIP HE1": 0.2645, "NHIP NE2": -0.1739, "NHIP HE2": 0.3921, "NHIP CD2": -0.1433, "NHIP HD2": 0.2495, "NHIP C": 0.7214, "NHIP O": -0.6013, "NILE N": 0.0311, "NILE H1": 0.2329, "NILE H2": 0.2329, "NILE H3": 0.2329, "NILE CA": 0.0257, "NILE HA": 0.1031, "NILE CB": 0.1885, "NILE HB": 0.0213, "NILE CG2": -0.372, "NILE HG21": 0.0947, "NILE HG22": 0.0947, "NILE HG23": 0.0947, "NILE CG1": -0.0387, "NILE HG12": 0.0201, "NILE HG13": 0.0201, "NILE CD1": -0.0908, "NILE HD11": 0.0226, "NILE HD12": 0.0226, "NILE HD13": 0.0226, "NILE C": 0.6123, "NILE O": -0.5713, "NLEU N": 0.101, "NLEU H1": 0.2148, "NLEU H2": 0.2148, "NLEU H3": 0.2148, "NLEU CA": 0.0104, "NLEU HA": 0.1053, "NLEU CB": -0.0244, "NLEU HB2": 0.0256, "NLEU HB3": 0.0256, "NLEU CG": 0.3421, "NLEU HG": -0.038, "NLEU CD1": -0.4106, "NLEU HD11": 0.098, "NLEU HD12": 0.098, "NLEU HD13": 0.098, "NLEU CD2": -0.4104, "NLEU HD21": 0.098, "NLEU HD22": 0.098, "NLEU HD23": 0.098, "NLEU C": 0.6123, "NLEU O": -0.5713, "NLYS N": 0.0966, "NLYS H1": 0.2165, "NLYS H2": 0.2165, "NLYS H3": 0.2165, "NLYS CA": -0.0015, "NLYS HA": 0.118, "NLYS CB": 0.0212, "NLYS HB2": 0.0283, "NLYS HB3": 0.0283, "NLYS CG": -0.0048, "NLYS HG2": 0.0121, "NLYS HG3": 0.0121, "NLYS CD": -0.0608, "NLYS HD2": 0.0633, "NLYS HD3": 0.0633, "NLYS CE": -0.0181, "NLYS HE2": 0.1171, "NLYS HE3": 0.1171, "NLYS NZ": -0.3764, "NLYS HZ1": 0.3382, "NLYS HZ2": 0.3382, "NLYS HZ3": 0.3382, "NLYS C": 0.7214, "NLYS O": -0.6013, "NMET N": 0.1592, "NMET H1": 0.1984, "NMET H2": 0.1984, "NMET H3": 0.1984, "NMET CA": 0.0221, "NMET HA": 0.1116, "NMET CB": 0.0865, "NMET HB2": 0.0125, "NMET HB3": 0.0125, "NMET CG": 0.0334, "NMET HG2": 0.0292, "NMET HG3": 0.0292, "NMET SD": -0.2774, "NMET CE": -0.0341, "NMET HE1": 0.0597, "NMET HE2": 0.0597, "NMET HE3": 0.0597, "NMET C": 0.6123, "NMET O": -0.5713, "NPHE N": 0.1737, "NPHE H1": 0.1921, "NPHE H2": 0.1921, "NPHE H3": 0.1921, "NPHE CA": 0.0733, "NPHE HA": 0.1041, "NPHE CB": 0.033, "NPHE HB2": 0.0104, "NPHE HB3": 0.0104, "NPHE CG": 0.0031, "NPHE CD1": -0.1392, "NPHE HD1": 0.1374, "NPHE CE1": -0.1602, "NPHE HE1": 0.1433, "NPHE CZ": -0.1208, "NPHE HZ": 0.1329, "NPHE CE2": -0.1603, "NPHE HE2": 0.1433, "NPHE CD2": -0.1391, "NPHE HD2": 0.1374, "NPHE C": 0.6123, "NPHE O": -0.5713, "NPRO N": -0.202, "NPRO H2": 0.312, "NPRO H3": 0.312, "NPRO CD": -0.012, "NPRO HD2": 0.1, "NPRO HD3": 0.1, "NPRO CG": -0.121, "NPRO HG2": 0.1, "NPRO HG3": 0.1, "NPRO CB": -0.115, "NPRO HB2": 0.1, "NPRO HB3": 0.1, "NPRO CA": 0.1, "NPRO HA": 0.1, "NPRO C": 0.526, "NPRO O": -0.5, "NSER N": 0.1849, "NSER H1": 0.1898, "NSER H2": 0.1898, "NSER H3": 0.1898, "NSER CA": 0.0567, "NSER HA": 0.0782, "NSER CB": 0.2596, "NSER HB2": 0.0273, "NSER HB3": 0.0273, "NSER OG": -0.6714, "NSER HG": 0.4239, "NSER C": 0.6163, "NSER O": -0.5722, "NTHR N": 0.1812, "NTHR H1": 0.1934, "NTHR H2": 0.1934, "NTHR H3": 0.1934, "NTHR CA": 0.0034, "NTHR HA": 0.1087, "NTHR CB": 0.4514, "NTHR HB": -0.0323, "NTHR CG2": -0.2554, "NTHR HG21": 0.0627, "NTHR HG22": 0.0627, "NTHR HG23": 0.0627, "NTHR OG1": -0.6764, "NTHR HG1": 0.407, "NTHR C": 0.6163, "NTHR O": -0.5722, "NTRP N": 0.1913, "NTRP H1": 0.1888, "NTRP H2": 0.1888, "NTRP H3": 0.1888, "NTRP CA": 0.0421, "NTRP HA": 0.1162, "NTRP CB": 0.0543, "NTRP HB2": 0.0222, "NTRP HB3": 0.0222, "NTRP CG": -0.1654, "NTRP CD1": -0.1788, "NTRP HD1": 0.2195, "NTRP NE1": -0.3444, "NTRP HE1": 0.3412, "NTRP CE2": 0.1575, "NTRP CZ2": -0.271, "NTRP HZ2": 0.1589, "NTRP CH2": -0.108, "NTRP HH2": 0.1411, "NTRP CZ3": -0.2034, "NTRP HZ3": 0.1458, "NTRP CE3": -0.2265, "NTRP HE3": 0.1646, "NTRP CD2": 0.1132, "NTRP C": 0.6123, "NTRP O": -0.5713, "NTYR N": 0.194, "NTYR H1": 0.1873, "NTYR H2": 0.1873, "NTYR H3": 0.1873, "NTYR CA": 0.057, "NTYR HA": 0.0983, "NTYR CB": 0.0659, "NTYR HB2": 0.0102, "NTYR HB3": 0.0102, "NTYR CG": -0.0205, "NTYR CD1": -0.2002, "NTYR HD1": 0.172, "NTYR CE1": -0.2239, "NTYR HE1": 0.165, "NTYR CZ": 0.3139, "NTYR OH": -0.5578, "NTYR HH": 0.4001, "NTYR CE2": -0.2239, "NTYR HE2": 0.165, "NTYR CD2": -0.2002, "NTYR HD2": 0.172, "NTYR C": 0.6123, "NTYR O": -0.5713, "NVAL N": 0.0577, "NVAL H1": 0.2272, "NVAL H2": 0.2272, "NVAL H3": 0.2272, "NVAL CA": -0.0054, "NVAL HA": 0.1093, "NVAL CB": 0.3196, "NVAL HB": -0.0221, "NVAL CG1": -0.3129, "NVAL HG11": 0.0735, "NVAL HG12": 0.0735, "NVAL HG13": 0.0735, "NVAL CG2": -0.3129, "NVAL HG21": 0.0735, "NVAL HG22": 0.0735, "NVAL HG23": 0.0735, "NVAL C": 0.6163, "NVAL O": -0.5722, "ALA N": -0.4157, "ALA H": 0.2719, "ALA CA": 0.0337, "ALA HA": 0.0823, "ALA CB": -0.1825, "ALA HB1": 0.0603, "ALA HB2": 0.0603, "ALA HB3": 0.0603, "ALA C": 0.5973, "ALA O": -0.5679, "ARG N": -0.3479, "ARG H": 0.2747, "ARG CA": -0.2637, "ARG HA": 0.156, "ARG CB": -0.0007, "ARG HB2": 0.0327, "ARG HB3": 0.0327, "ARG CG": 0.039, "ARG HG2": 0.0285, "ARG HG3": 0.0285, "ARG CD": 0.0486, "ARG HD2": 0.0687, "ARG HD3": 0.0687, "ARG NE": -0.5295, "ARG HE": 0.3456, "ARG CZ": 0.8076, "ARG NH1": -0.8627, "ARG HH11": 0.4478, "ARG HH12": 0.4478, "ARG NH2": -0.8627, "ARG HH21": 0.4478, "ARG HH22": 0.4478, "ARG C": 0.7341, "ARG O": -0.5894, "ASH N": -0.4157, "ASH H": 0.2719, "ASH CA": 0.0341, "ASH HA": 0.0864, "ASH CB": -0.0316, "ASH HB2": 0.0488, "ASH HB3": 0.0488, "ASH CG": 0.6462, "ASH OD1": -0.5554, "ASH OD2": -0.6376, "ASH HD2": 0.4747, "ASH C": 0.5973, "ASH O": -0.5679, "ASN N": -0.4157, "ASN H": 0.2719, "ASN CA": 0.0143, "ASN HA": 0.1048, "ASN CB": -0.2041, "ASN HB2": 0.0797, "ASN HB3": 0.0797, "ASN CG": 0.713, "ASN OD1": -0.5931, "ASN ND2": -0.9191, "ASN HD21": 0.4196, "ASN HD22": 0.4196, "ASN C": 0.5973, "ASN O": -0.5679, "ASP N": -0.5163, "ASP H": 0.2936, "ASP CA": 0.0381, "ASP HA": 0.088, "ASP CB": -0.0303, "ASP HB2": -0.0122, "ASP HB3": -0.0122, "ASP CG": 0.7994, "ASP OD1": -0.8014, "ASP OD2": -0.8014, "ASP C": 0.5366, "ASP O": -0.5819, "CYM N": -0.4157, "CYM H": 0.2719, "CYM CA": -0.0351, "CYM HA": 0.0508, "CYM CB": -0.2413, "CYM HB3": 0.1122, "CYM HB2": 0.1122, "CYM SG": -0.8844, "CYM C": 0.5973, "CYM O": -0.5679, "CYS N": -0.4157, "CYS H": 0.2719, "CYS CA": 0.0213, "CYS HA": 0.1124, "CYS CB": -0.1231, "CYS HB2": 0.1112, "CYS HB3": 0.1112, "CYS SG": -0.3119, "CYS HG": 0.1933, "CYS C": 0.5973, "CYS O": -0.5679, "CYX N": -0.4157, "CYX H": 0.2719, "CYX CA": 0.0429, "CYX HA": 0.0766, "CYX CB": -0.079, "CYX HB2": 0.091, "CYX HB3": 0.091, "CYX SG": -0.1081, "CYX C": 0.5973, "CYX O": -0.5679, "GLH N": -0.4157, "GLH H": 0.2719, "GLH CA": 0.0145, "GLH HA": 0.0779, "GLH CB": -0.0071, "GLH HB2": 0.0256, "GLH HB3": 0.0256, "GLH CG": -0.0174, "GLH HG2": 0.043, "GLH HG3": 0.043, "GLH CD": 0.6801, "GLH OE1": -0.5838, "GLH OE2": -0.6511, "GLH HE2": 0.4641, "GLH C": 0.5973, "GLH O": -0.5679, "GLN N": -0.4157, "GLN H": 0.2719, "GLN CA": -0.0031, "GLN HA": 0.085, "GLN CB": -0.0036, "GLN HB2": 0.0171, "GLN HB3": 0.0171, "GLN CG": -0.0645, "GLN HG2": 0.0352, "GLN HG3": 0.0352, "GLN CD": 0.6951, "GLN OE1": -0.6086, "GLN NE2": -0.9407, "GLN HE21": 0.4251, "GLN HE22": 0.4251, "GLN C": 0.5973, "GLN O": -0.5679, "GLU N": -0.5163, "GLU H": 0.2936, "GLU CA": 0.0397, "GLU HA": 0.1105, "GLU CB": 0.056, "GLU HB2": -0.0173, "GLU HB3": -0.0173, "GLU CG": 0.0136, "GLU HG2": -0.0425, "GLU HG3": -0.0425, "GLU CD": 0.8054, "GLU OE1": -0.8188, "GLU OE2": -0.8188, "GLU C": 0.5366, "GLU O": -0.5819, "GLY N": -0.4157, "GLY H": 0.2719, "GLY CA": -0.0252, "GLY HA2": 0.0698, "GLY HA3": 0.0698, "GLY C": 0.5973, "GLY O": -0.5679, "HID N": -0.4157, "HID H": 0.2719, "HID CA": 0.0188, "HID HA": 0.0881, "HID CB": -0.0462, "HID HB2": 0.0402, "HID HB3": 0.0402, "HID CG": -0.0266, "HID ND1": -0.3811, "HID HD1": 0.3649, "HID CE1": 0.2057, "HID HE1": 0.1392, "HID NE2": -0.5727, "HID CD2": 0.1292, "HID HD2": 0.1147, "HID C": 0.5973, "HID O": -0.5679, "HIE N": -0.4157, "HIE H": 0.2719, "HIE CA": -0.0581, "HIE HA": 0.136, "HIE CB": -0.0074, "HIE HB2": 0.0367, "HIE HB3": 0.0367, "HIE CG": 0.1868, "HIE ND1": -0.5432, "HIE CE1": 0.1635, "HIE HE1": 0.1435, "HIE NE2": -0.2795, "HIE HE2": 0.3339, "HIE CD2": -0.2207, "HIE HD2": 0.1862, "HIE C": 0.5973, "HIE O": -0.5679, "HIP N": -0.3479, "HIP H": 0.2747, "HIP CA": -0.1354, "HIP HA": 0.1212, "HIP CB": -0.0414, "HIP HB2": 0.081, "HIP HB3": 0.081, "HIP CG": -0.0012, "HIP ND1": -0.1513, "HIP HD1": 0.3866, "HIP CE1": -0.017, "HIP HE1": 0.2681, "HIP NE2": -0.1718, "HIP HE2": 0.3911, "HIP CD2": -0.1141, "HIP HD2": 0.2317, "HIP C": 0.7341, "HIP O": -0.5894, "ILE N": -0.4157, "ILE H": 0.2719, "ILE CA": -0.0597, "ILE HA": 0.0869, "ILE CB": 0.1303, "ILE HB": 0.0187, "ILE CG2": -0.3204, "ILE HG21": 0.0882, "ILE HG22": 0.0882, "ILE HG23": 0.0882, "ILE CG1": -0.043, "ILE HG12": 0.0236, "ILE HG13": 0.0236, "ILE CD1": -0.066, "ILE HD11": 0.0186, "ILE HD12": 0.0186, "ILE HD13": 0.0186, "ILE C": 0.5973, "ILE O": -0.5679, "LEU N": -0.4157, "LEU H": 0.2719, "LEU CA": -0.0518, "LEU HA": 0.0922, "LEU CB": -0.1102, "LEU HB2": 0.0457, "LEU HB3": 0.0457, "LEU CG": 0.3531, "LEU HG": -0.0361, "LEU CD1": -0.4121, "LEU HD11": 0.1, "LEU HD12": 0.1, "LEU HD13": 0.1, "LEU CD2": -0.4121, "LEU HD21": 0.1, "LEU HD22": 0.1, "LEU HD23": 0.1, "LEU C": 0.5973, "LEU O": -0.5679, "LYN N": -0.4157, "LYN H": 0.2719, "LYN CA": -0.07206, "LYN HA": 0.0994, "LYN CB": -0.04845, "LYN HB2": 0.034, "LYN HB3": 0.034, "LYN CG": 0.06612, "LYN HG2": 0.01041, "LYN HG3": 0.01041, "LYN CD": -0.03768, "LYN HD2": 0.01155, "LYN HD3": 0.01155, "LYN CE": 0.32604, "LYN HE2": -0.03358, "LYN HE3": -0.03358, "LYN NZ": -1.03581, "LYN HZ2": 0.38604, "LYN HZ3": 0.38604, "LYN C": 0.5973, "LYN O": -0.5679, "LYS N": -0.3479, "LYS H": 0.2747, "LYS CA": -0.24, "LYS HA": 0.1426, "LYS CB": -0.0094, "LYS HB2": 0.0362, "LYS HB3": 0.0362, "LYS CG": 0.0187, "LYS HG2": 0.0103, "LYS HG3": 0.0103, "LYS CD": -0.0479, "LYS HD2": 0.0621, "LYS HD3": 0.0621, "LYS CE": -0.0143, "LYS HE2": 0.1135, "LYS HE3": 0.1135, "LYS NZ": -0.3854, "LYS HZ1": 0.34, "LYS HZ2": 0.34, "LYS HZ3": 0.34, "LYS C": 0.7341, "LYS O": -0.5894, "MET N": -0.4157, "MET H": 0.2719, "MET CA": -0.0237, "MET HA": 0.088, "MET CB": 0.0342, "MET HB2": 0.0241, "MET HB3": 0.0241, "MET CG": 0.0018, "MET HG2": 0.044, "MET HG3": 0.044, "MET SD": -0.2737, "MET CE": -0.0536, "MET HE1": 0.0684, "MET HE2": 0.0684, "MET HE3": 0.0684, "MET C": 0.5973, "MET O": -0.5679, "PHE N": -0.4157, "PHE H": 0.2719, "PHE CA": -0.0024, "PHE HA": 0.0978, "PHE CB": -0.0343, "PHE HB2": 0.0295, "PHE HB3": 0.0295, "PHE CG": 0.0118, "PHE CD1": -0.1256, "PHE HD1": 0.133, "PHE CE1": -0.1704, "PHE HE1": 0.143, "PHE CZ": -0.1072, "PHE HZ": 0.1297, "PHE CE2": -0.1704, "PHE HE2": 0.143, "PHE CD2": -0.1256, "PHE HD2": 0.133, "PHE C": 0.5973, "PHE O": -0.5679, "PRO N": -0.2548, "PRO CD": 0.0192, "PRO HD2": 0.0391, "PRO HD3": 0.0391, "PRO CG": 0.0189, "PRO HG2": 0.0213, "PRO HG3": 0.0213, "PRO CB": -0.007, "PRO HB2": 0.0253, "PRO HB3": 0.0253, "PRO CA": -0.0266, "PRO HA": 0.0641, "PRO C": 0.5896, "PRO O": -0.5748, "SER N": -0.4157, "SER H": 0.2719, "SER CA": -0.0249, "SER HA": 0.0843, "SER CB": 0.2117, "SER HB2": 0.0352, "SER HB3": 0.0352, "SER OG": -0.6546, "SER HG": 0.4275, "SER C": 0.5973, "SER O": -0.5679, "THR N": -0.4157, "THR H": 0.2719, "THR CA": -0.0389, "THR HA": 0.1007, "THR CB": 0.3654, "THR HB": 0.0043, "THR CG2": -0.2438, "THR HG21": 0.0642, "THR HG22": 0.0642, "THR HG23": 0.0642, "THR OG1": -0.6761, "THR HG1": 0.4102, "THR C": 0.5973, "THR O": -0.5679, "TRP N": -0.4157, "TRP H": 0.2719, "TRP CA": -0.0275, "TRP HA": 0.1123, "TRP CB": -0.005, "TRP HB2": 0.0339, "TRP HB3": 0.0339, "TRP CG": -0.1415, "TRP CD1": -0.1638, "TRP HD1": 0.2062, "TRP NE1": -0.3418, "TRP HE1": 0.3412, "TRP CE2": 0.138, "TRP CZ2": -0.2601, "TRP HZ2": 0.1572, "TRP CH2": -0.1134, "TRP HH2": 0.1417, "TRP CZ3": -0.1972, "TRP HZ3": 0.1447, "TRP CE3": -0.2387, "TRP HE3": 0.17, "TRP CD2": 0.1243, "TRP C": 0.5973, "TRP O": -0.5679, "TYR N": -0.4157, "TYR H": 0.2719, "TYR CA": -0.0014, "TYR HA": 0.0876, "TYR CB": -0.0152, "TYR HB2": 0.0295, "TYR HB3": 0.0295, "TYR CG": -0.0011, "TYR CD1": -0.1906, "TYR HD1": 0.1699, "TYR CE1": -0.2341, "TYR HE1": 0.1656, "TYR CZ": 0.3226, "TYR OH": -0.5579, "TYR HH": 0.3992, "TYR CE2": -0.2341, "TYR HE2": 0.1656, "TYR CD2": -0.1906, "TYR HD2": 0.1699, "TYR C": 0.5973, "TYR O": -0.5679, "VAL N": -0.4157, "VAL H": 0.2719, "VAL CA": -0.0875, "VAL HA": 0.0969, "VAL CB": 0.2985, "VAL HB": -0.0297, "VAL CG1": -0.3192, "VAL HG11": 0.0791, "VAL HG12": 0.0791, "VAL HG13": 0.0791, "VAL CG2": -0.3192, "VAL HG21": 0.0791, "VAL HG22": 0.0791, "VAL HG23": 0.0791, "VAL C": 0.5973, "VAL O": -0.5679, "WAT O": -0.834, "WAT H1": 0.417, "WAT H2": 0.417, "Na+ Na+": 1.0, "K+ K+": 1.0, "Cl- Cl-": -1.0, "CHRP HPC": 0.0225, "CHRN HNC": -0.0225}