{"ALA N": -0.47, "ALA HN": 0.31, "ALA CA": 0.07, "ALA HA": 0.09, "ALA CB": -0.27, "ALA HB1": 0.09, "ALA HB2": 0.09, "ALA HB3": 0.09, "ALA C": 0.51, "ALA O": -0.51, "ARG N": -0.47, "ARG HN": 0.31, "ARG CA": 0.07, "ARG HA": 0.09, "ARG CB": -0.18, "ARG HB1": 0.09, "ARG HB2": 0.09, "ARG CG": -0.18, "ARG HG1": 0.09, "ARG HG2": 0.09, "ARG CD": 0.2, "ARG HD1": 0.09, "ARG HD2": 0.09, "ARG NE": -0.7, "ARG HE": 0.44, "ARG CZ": 0.64, "ARG NH1": -0.8, "ARG HH11": 0.46, "ARG HH12": 0.46, "ARG NH2": -0.8, "ARG HH21": 0.46, "ARG HH22": 0.46, "ARG C": 0.51, "ARG O": -0.51, "ASN N": -0.47, "ASN HN": 0.31, "ASN CA": 0.07, "ASN HA": 0.09, "ASN CB": -0.18, "ASN HB1": 0.09, "ASN HB2": 0.09, "ASN CG": 0.55, "ASN OD1": -0.55, "ASN ND2": -0.62, "ASN HD21": 0.32, "ASN HD22": 0.3, "ASN C": 0.51, "ASN O": -0.51, "ASP N": -0.47, "ASP HN": 0.31, "ASP CA": 0.07, "ASP HA": 0.09, "ASP CB": -0.28, "ASP HB1": 0.09, "ASP HB2": 0.09, "ASP CG": 0.62, "ASP OD1": -0.76, "ASP OD2": -0.76, "ASP C": 0.51, "ASP O": -0.51, "CYS N": -0.47, "CYS HN": 0.31, "CYS CA": 0.07, "CYS HA": 0.09, "CYS CB": -0.11, "CYS HB1": 0.09, "CYS HB2": 0.09, "CYS SG": -0.23, "CYS HG1": 0.16, "CYS C": 0.51, "CYS O": -0.51, "GLN N": -0.47, "GLN HN": 0.31, "GLN CA": 0.07, "GLN HA": 0.09, "GLN CB": -0.18, "GLN HB1": 0.09, "GLN HB2": 0.09, "GLN CG": -0.18, "GLN HG1": 0.09, "GLN HG2": 0.09, "GLN CD": 0.55, "GLN OE1": -0.55, "GLN NE2": -0.62, "GLN HE21": 0.32, "GLN HE22": 0.3, "GLN C": 0.51, "GLN O": -0.51, "GLU N": -0.47, "GLU HN": 0.31, "GLU CA": 0.07, "GLU HA": 0.09, "GLU CB": -0.18, "GLU HB1": 0.09, "GLU HB2": 0.09, "GLU CG": -0.28, "GLU HG1": 0.09, "GLU HG2": 0.09, "GLU CD": 0.62, "GLU OE1": -0.76, "GLU OE2": -0.76, "GLU C": 0.51, "GLU O": -0.51, "GLY N": -0.47, "GLY HN": 0.31, "GLY CA": -0.02, "GLY HA1": 0.09, "GLY HA2": 0.09, "GLY C": 0.51, "GLY O": -0.51, "HSD N": -0.47, "HSD HN": 0.31, "HSD CA": 0.07, "HSD HA": 0.09, "HSD CB": -0.09, "HSD HB1": 0.09, "HSD HB2": 0.09, "HSD ND1": -0.36, "HSD HD1": 0.32, "HSD CG": -0.05, "HSD CE1": 0.25, "HSD HE1": 0.13, "HSD NE2": -0.7, "HSD CD2": 0.22, "HSD HD2": 0.1, "HSD C": 0.51, "HSD O": -0.51, "HSE N": -0.47, "HSE HN": 0.31, "HSE CA": 0.07, "HSE HA": 0.09, "HSE CB": -0.08, "HSE HB1": 0.09, "HSE HB2": 0.09, "HSE ND1": -0.7, "HSE CG": 0.22, "HSE CE1": 0.25, "HSE HE1": 0.13, "HSE NE2": -0.36, "HSE HE2": 0.32, "HSE CD2": -0.05, "HSE HD2": 0.09, "HSE C": 0.51, "HSE O": -0.51, "HSP N": -0.47, "HSP HN": 0.31, "HSP CA": 0.07, "HSP HA": 0.09, "HSP CB": -0.05, "HSP HB1": 0.09, "HSP HB2": 0.09, "HSP CD2": 0.19, "HSP HD2": 0.13, "HSP CG": 0.19, "HSP NE2": -0.51, "HSP HE2": 0.44, "HSP ND1": -0.51, "HSP HD1": 0.44, "HSP CE1": 0.32, "HSP HE1": 0.18, "HSP C": 0.51, "HSP O": -0.51, "ILE N": -0.47, "ILE HN": 0.31, "ILE CA": 0.07, "ILE HA": 0.09, "ILE CB": -0.09, "ILE HB": 0.09, "ILE CG2": -0.27, "ILE HG21": 0.09, "ILE HG22": 0.09, "ILE HG23": 0.09, "ILE CG1": -0.18, "ILE HG11": 0.09, "ILE HG12": 0.09, "ILE CD": -0.27, "ILE HD1": 0.09, "ILE HD2": 0.09, "ILE HD3": 0.09, "ILE C": 0.51, "ILE O": -0.51, "LEU N": -0.47, "LEU HN": 0.31, "LEU CA": 0.07, "LEU HA": 0.09, "LEU CB": -0.18, "LEU HB1": 0.09, "LEU HB2": 0.09, "LEU CG": -0.09, "LEU HG": 0.09, "LEU CD1": -0.27, "LEU HD11": 0.09, "LEU HD12": 0.09, "LEU HD13": 0.09, "LEU CD2": -0.27, "LEU HD21": 0.09, "LEU HD22": 0.09, "LEU HD23": 0.09, "LEU C": 0.51, "LEU O": -0.51, "LYS N": -0.47, "LYS HN": 0.31, "LYS CA": 0.07, "LYS HA": 0.09, "LYS CB": -0.18, "LYS HB1": 0.09, "LYS HB2": 0.09, "LYS CG": -0.18, "LYS HG1": 0.09, "LYS HG2": 0.09, "LYS CD": -0.18, "LYS HD1": 0.09, "LYS HD2": 0.09, "LYS CE": 0.21, "LYS HE1": 0.05, "LYS HE2": 0.05, "LYS NZ": -0.3, "LYS HZ1": 0.33, "LYS HZ2": 0.33, "LYS HZ3": 0.33, "LYS C": 0.51, "LYS O": -0.51, "MET N": -0.47, "MET HN": 0.31, "MET CA": 0.07, "MET HA": 0.09, "MET CB": -0.18, "MET HB1": 0.09, "MET HB2": 0.09, "MET CG": -0.14, "MET HG1": 0.09, "MET HG2": 0.09, "MET SD": -0.09, "MET CE": -0.22, "MET HE1": 0.09, "MET HE2": 0.09, "MET HE3": 0.09, "MET C": 0.51, "MET O": -0.51, "PHE N": -0.47, "PHE HN": 0.31, "PHE CA": 0.07, "PHE HA": 0.09, "PHE CB": -0.18, "PHE HB1": 0.09, "PHE HB2": 0.09, "PHE CG": 0.0, "PHE CD1": -0.115, "PHE HD1": 0.115, "PHE CE1": -0.115, "PHE HE1": 0.115, "PHE CZ": -0.115, "PHE HZ": 0.115, "PHE CD2": -0.115, "PHE HD2": 0.115, "PHE CE2": -0.115, "PHE HE2": 0.115, "PHE C": 0.51, "PHE O": -0.51, "PRO N": -0.29, "PRO CD": 0.0, "PRO HD1": 0.09, "PRO HD2": 0.09, "PRO CA": 0.02, "PRO HA": 0.09, "PRO CB": -0.18, "PRO HB1": 0.09, "PRO HB2": 0.09, "PRO CG": -0.18, "PRO HG1": 0.09, "PRO HG2": 0.09, "PRO C": 0.51, "PRO O": -0.51, "SER N": -0.47, "SER HN": 0.31, "SER CA": 0.07, "SER HA": 0.09, "SER CB": 0.05, "SER HB1": 0.09, "SER HB2": 0.09, "SER OG": -0.66, "SER HG1": 0.43, "SER C": 0.51, "SER O": -0.51, "THR N": -0.47, "THR HN": 0.31, "THR CA": 0.07, "THR HA": 0.09, "THR CB": 0.14, "THR HB": 0.09, "THR OG1": -0.66, "THR HG1": 0.43, "THR CG2": -0.27, "THR HG21": 0.09, "THR HG22": 0.09, "THR HG23": 0.09, "THR C": 0.51, "THR O": -0.51, "TRP N": -0.47, "TRP HN": 0.31, "TRP CA": 0.07, "TRP HA": 0.09, "TRP CB": -0.18, "TRP HB1": 0.09, "TRP HB2": 0.09, "TRP CG": -0.03, "TRP CD1": -0.15, "TRP HD1": 0.22, "TRP NE1": -0.51, "TRP HE1": 0.37, "TRP CE2": 0.24, "TRP CD2": 0.11, "TRP CE3": -0.25, "TRP HE3": 0.17, "TRP CZ3": -0.2, "TRP HZ3": 0.14, "TRP CZ2": -0.27, "TRP HZ2": 0.16, "TRP CH2": -0.14, "TRP HH2": 0.14, "TRP C": 0.51, "TRP O": -0.51, "TYR N": -0.47, "TYR HN": 0.31, "TYR CA": 0.07, "TYR HA": 0.09, "TYR CB": -0.18, "TYR HB1": 0.09, "TYR HB2": 0.09, "TYR CG": 0.0, "TYR CD1": -0.115, "TYR HD1": 0.115, "TYR CE1": -0.115, "TYR HE1": 0.115, "TYR CZ": 0.11, "TYR OH": -0.54, "TYR HH": 0.43, "TYR CD2": -0.115, "TYR HD2": 0.115, "TYR CE2": -0.115, "TYR HE2": 0.115, "TYR C": 0.51, "TYR O": -0.51, "VAL N": -0.47, "VAL HN": 0.31, "VAL CA": 0.07, "VAL HA": 0.09, "VAL CB": -0.09, "VAL HB": 0.09, "VAL CG1": -0.27, "VAL HG11": 0.09, "VAL HG12": 0.09, "VAL HG13": 0.09, "VAL CG2": -0.27, "VAL HG21": 0.09, "VAL HG22": 0.09, "VAL HG23": 0.09, "VAL C": 0.51, "VAL O": -0.51, "TIP3 OH2": -0.834, "TIP3 H1": 0.417, "TIP3 H2": 0.417, "ASPP CB": -0.21, "ASPP HB1": 0.09, "ASPP HB2": 0.09, "ASPP CG": 0.75, "ASPP OD1": -0.55, "ASPP OD2": -0.61, "ASPP HD2": 0.44, "ASPP N": -0.47, "ASPP HN": 0.31, "ASPP CA": 0.07, "ASPP HA": 0.09, "ASPP C": 0.51, "ASPP O": -0.51, "GLUP CG": -0.21, "GLUP HG1": 0.09, "GLUP HG2": 0.09, "GLUP CD": 0.75, "GLUP OE1": -0.55, "GLUP OE2": -0.61, "GLUP HE2": 0.44, "GLUP N": -0.47, "GLUP HN": 0.31, "GLUP CA": 0.07, "GLUP HA": 0.09, "GLUP CB": -0.18, "GLUP HB1": 0.09, "GLUP HB2": 0.09, "GLUP C": 0.51, "GLUP O": -0.51, "DISU N": -0.47, "DISU HN": 0.31, "DISU CA": 0.07, "DISU HA": 0.09, "DISU CB": -0.1, "DISU HB1": 0.09, "DISU HB2": 0.09, "DISU SG": -0.08, "DISU C": 0.51, "DISU O": -0.51, "TAUR C1": 0.16, "TAUR H1": 0.04, "TAUR H2": 0.04, "TAUR C2": -0.35, "TAUR H3": 0.09, "TAUR H4": 0.09, "TAUR N1": -0.34, "TAUR H5": 0.32, "TAUR H6": 0.32, "TAUR H7": 0.32, "TAUR S1": 1.32, "TAUR O1": -0.67, "TAUR O2": -0.67, "TAUR O3": -0.67, "HEMI OX": -0.32, "HEMI FE": 0.56, "HEMI NA": -0.18, "HEMI NB": -0.18, "HEMI NC": -0.18, "HEMI ND": -0.18, "HEMI C1A": 0.12, "HEMI C2A": -0.06, "HEMI C3A": -0.06, "HEMI C4A": 0.12, "HEMI C1B": 0.12, "HEMI C2B": -0.06, "HEMI C3B": -0.06, "HEMI C4B": 0.12, "HEMI C1C": 0.12, "HEMI C2C": -0.06, "HEMI C3C": -0.06, "HEMI C4C": 0.12, "HEMI C1D": 0.12, "HEMI C2D": -0.06, "HEMI C3D": -0.06, "HEMI C4D": 0.12, "HEMI CHA": -0.1, "HEMI HA": 0.1, "HEMI CHB": -0.1, "HEMI HB": 0.1, "HEMI CHC": -0.1, "HEMI HC": 0.1, "HEMI CHD": -0.1, "HEMI HD": 0.1, "HEMI CMA": -0.27, "HEMI HMA1": 0.09, "HEMI HMA2": 0.09, "HEMI HMA3": 0.09, "HEMI CAA": -0.18, "HEMI HAA1": 0.09, "HEMI HAA2": 0.09, "HEMI CBA": -0.28, "HEMI HBA1": 0.09, "HEMI HBA2": 0.09, "HEMI CGA": 0.62, "HEMI O1A": -0.76, "HEMI O2A": -0.76, "HEMI CMB": -0.27, "HEMI HMB1": 0.09, "HEMI HMB2": 0.09, "HEMI HMB3": 0.09, "HEMI CAB": -0.15, "HEMI HAB": 0.15, "HEMI CBB": -0.42, "HEMI HBB1": 0.21, "HEMI HBB2": 0.21, "HEMI CMC": -0.27, "HEMI HMC1": 0.09, "HEMI HMC2": 0.09, "HEMI HMC3": 0.09, "HEMI CAC": -0.15, "HEMI HAC": 0.15, "HEMI CBC": -0.42, "HEMI HBC1": 0.21, "HEMI HBC2": 0.21, "HEMI CMD": -0.27, "HEMI HMD1": 0.09, "HEMI HMD2": 0.09, "HEMI HMD3": 0.09, "HEMI CAD": -0.18, "HEMI HAD1": 0.09, "HEMI HAD2": 0.09, "HEMI CBD": -0.28, "HEMI HBD1": 0.09, "HEMI HBD2": 0.09, "HEMI CGD": 0.62, "HEMI O1D": -0.76, "HEMI O2D": -0.76, "DCR C1": 0.52, "DCR O2": -0.76, "DCR O3": -0.76, "DCR C4": -0.18, "DCR H5": 0.09, "DCR H6": 0.09, "DCR C7": -0.18, "DCR H8": 0.09, "DCR H9": 0.09, "DCR C10": -0.18, "DCR H11": 0.09, "DCR H12": 0.09, "DCR C13": -0.18, "DCR H14": 0.09, "DCR H15": 0.09, "DCR C16": -0.18, "DCR H17": 0.09, "DCR H18": 0.09, "DCR C19": -0.18, "DCR H20": 0.09, "DCR H21": 0.09, "DCR C22": -0.18, "DCR H23": 0.09, "DCR H24": 0.09, "DCR C25": -0.18, "DCR H26": 0.09, "DCR H27": 0.09, "DCR C28": -0.18, "DCR H29": 0.09, "DCR H30": 0.09, "DCR C31": -0.18, "DCR H32": 0.09, "DCR H33": 0.09, "DCR C34": -0.18, "DCR H35": 0.09, "DCR H36": 0.09, "DCR C37": -0.18, "DCR H38": 0.09, "DCR H39": 0.09, "DCR C40": -0.18, "DCR H41": 0.09, "DCR H42": 0.09, "DCR C43": -0.18, "DCR H44": 0.09, "DCR H45": 0.09, "DCR C46": -0.18, "DCR H47": 0.09, "DCR H48": 0.09, "DCR C49": -0.18, "DCR H50": 0.09, "DCR H51": 0.09, "DCR C52": -0.18, "DCR H53": 0.09, "DCR H54": 0.09, "DCR C55": -0.18, "DCR H56": 0.09, "DCR H57": 0.09, "DCR C58": -0.27, "DCR H59": 0.09, "DCR H60": 0.09, "DCR H61": 0.09, "CHRP HPC": 0.0225, "CHRN HNC": -0.0255, "ALAC N": -0.47, "ALAC HN": 0.31, "ALAC CA": 0.07, "ALAC HA": 0.09, "ALAC CB": -0.27, "ALAC HB1": 0.09, "ALAC HB2": 0.09, "ALAC HB3": 0.09, "ALAC C": 0.34, "ALAC OT1": -0.67, "ALAC OT2": -0.67, "ARGC N": -0.47, "ARGC HN": 0.31, "ARGC CA": 0.07, "ARGC HA": 0.09, "ARGC CB": -0.18, "ARGC HB1": 0.09, "ARGC HB2": 0.09, "ARGC CG": -0.18, "ARGC HG1": 0.09, "ARGC HG2": 0.09, "ARGC CD": 0.2, "ARGC HD1": 0.09, "ARGC HD2": 0.09, "ARGC NE": -0.7, "ARGC HE": 0.44, "ARGC CZ": 0.64, "ARGC NH1": -0.8, "ARGC HH11": 0.46, "ARGC HH12": 0.46, "ARGC NH2": -0.8, "ARGC HH21": 0.46, "ARGC HH22": 0.46, "ARGC C": 0.34, "ARGC OT1": -0.67, "ARGC OT2": -0.67, "ASNC N": -0.47, "ASNC HN": 0.31, "ASNC CA": 0.07, "ASNC HA": 0.09, "ASNC CB": -0.18, "ASNC HB1": 0.09, "ASNC HB2": 0.09, "ASNC CG": 0.55, "ASNC OD1": -0.55, "ASNC ND2": -0.62, "ASNC HD21": 0.32, "ASNC HD22": 0.3, "ASNC C": 0.34, "ASNC OT1": -0.67, "ASNC OT2": -0.67, "ASPC N": -0.47, "ASPC HN": 0.31, "ASPC CA": 0.07, "ASPC HA": 0.09, "ASPC CB": -0.28, "ASPC HB1": 0.09, "ASPC HB2": 0.09, "ASPC CG": 0.62, "ASPC OD1": -0.76, "ASPC OD2": -0.76, "ASPC C": 0.34, "ASPC OT1": -0.67, "ASPC OT2": -0.67, "CYSC N": -0.47, "CYSC HN": 0.31, "CYSC CA": 0.07, "CYSC HA": 0.09, "CYSC CB": -0.11, "CYSC HB1": 0.09, "CYSC HB2": 0.09, "CYSC SG": -0.23, "CYSC HG1": 0.16, "CYSC C": 0.34, "CYSC OT1": -0.67, "CYSC OT2": -0.67, "GLNC N": -0.47, "GLNC HN": 0.31, "GLNC CA": 0.07, "GLNC HA": 0.09, "GLNC CB": -0.18, "GLNC HB1": 0.09, "GLNC HB2": 0.09, "GLNC CG": -0.18, "GLNC HG1": 0.09, "GLNC HG2": 0.09, "GLNC CD": 0.55, "GLNC OE1": -0.55, "GLNC NE2": -0.62, "GLNC HE21": 0.32, "GLNC HE22": 0.3, "GLNC C": 0.34, "GLNC OT1": -0.67, "GLNC OT2": -0.67, "GLUC N": -0.47, "GLUC HN": 0.31, "GLUC CA": 0.07, "GLUC HA": 0.09, "GLUC CB": -0.18, "GLUC HB1": 0.09, "GLUC HB2": 0.09, "GLUC CG": -0.28, "GLUC HG1": 0.09, "GLUC HG2": 0.09, "GLUC CD": 0.62, "GLUC OE1": -0.76, "GLUC OE2": -0.76, "GLUC C": 0.34, "GLUC OT1": -0.67, "GLUC OT2": -0.67, "GLYC N": -0.47, "GLYC HN": 0.31, "GLYC CA": -0.02, "GLYC HA1": 0.09, "GLYC HA2": 0.09, "GLYC C": 0.34, "GLYC OT1": -0.67, "GLYC OT2": -0.67, "HSDC N": -0.47, "HSDC HN": 0.31, "HSDC CA": 0.07, "HSDC HA": 0.09, "HSDC CB": -0.09, "HSDC HB1": 0.09, "HSDC HB2": 0.09, "HSDC ND1": -0.36, "HSDC HD1": 0.32, "HSDC CG": -0.05, "HSDC CE1": 0.25, "HSDC HE1": 0.13, "HSDC NE2": -0.7, "HSDC CD2": 0.22, "HSDC HD2": 0.1, "HSDC C": 0.34, "HSDC OT1": -0.67, "HSDC OT2": -0.67, "HSEC N": -0.47, "HSEC HN": 0.31, "HSEC CA": 0.07, "HSEC HA": 0.09, "HSEC CB": -0.08, "HSEC HB1": 0.09, "HSEC HB2": 0.09, "HSEC ND1": -0.7, "HSEC CG": 0.22, "HSEC CE1": 0.25, "HSEC HE1": 0.13, "HSEC NE2": -0.36, "HSEC HE2": 0.32, "HSEC CD2": -0.05, "HSEC HD2": 0.09, "HSEC C": 0.34, "HSEC OT1": -0.67, "HSEC OT2": -0.67, "HSPC N": -0.47, "HSPC HN": 0.31, "HSPC CA": 0.07, "HSPC HA": 0.09, "HSPC CB": -0.05, "HSPC HB1": 0.09, "HSPC HB2": 0.09, "HSPC CD2": 0.19, "HSPC HD2": 0.13, "HSPC CG": 0.19, "HSPC NE2": -0.51, "HSPC HE2": 0.44, "HSPC ND1": -0.51, "HSPC HD1": 0.44, "HSPC CE1": 0.32, "HSPC HE1": 0.18, "HSPC C": 0.34, "HSPC OT1": -0.67, "HSPC OT2": -0.67, "ILEC N": -0.47, "ILEC HN": 0.31, "ILEC CA": 0.07, "ILEC HA": 0.09, "ILEC CB": -0.09, "ILEC HB": 0.09, "ILEC CG2": -0.27, "ILEC HG21": 0.09, "ILEC HG22": 0.09, "ILEC HG23": 0.09, "ILEC CG1": -0.18, "ILEC HG11": 0.09, "ILEC HG12": 0.09, "ILEC CD": -0.27, "ILEC HD1": 0.09, "ILEC HD2": 0.09, "ILEC HD3": 0.09, "ILEC C": 0.34, "ILEC OT1": -0.67, "ILEC OT2": -0.67, "LEUC N": -0.47, "LEUC HN": 0.31, "LEUC CA": 0.07, "LEUC HA": 0.09, "LEUC CB": -0.18, "LEUC HB1": 0.09, "LEUC HB2": 0.09, "LEUC CG": -0.09, "LEUC HG": 0.09, "LEUC CD1": -0.27, "LEUC HD11": 0.09, "LEUC HD12": 0.09, "LEUC HD13": 0.09, "LEUC CD2": -0.27, "LEUC HD21": 0.09, "LEUC HD22": 0.09, "LEUC HD23": 0.09, "LEUC C": 0.34, "LEUC OT1": -0.67, "LEUC OT2": -0.67, "LYSC N": -0.47, "LYSC HN": 0.31, "LYSC CA": 0.07, "LYSC HA": 0.09, "LYSC CB": -0.18, "LYSC HB1": 0.09, "LYSC HB2": 0.09, "LYSC CG": -0.18, "LYSC HG1": 0.09, "LYSC HG2": 0.09, "LYSC CD": -0.18, "LYSC HD1": 0.09, "LYSC HD2": 0.09, "LYSC CE": 0.21, "LYSC HE1": 0.05, "LYSC HE2": 0.05, "LYSC NZ": -0.3, "LYSC HZ1": 0.33, "LYSC HZ2": 0.33, "LYSC HZ3": 0.33, "LYSC C": 0.34, "LYSC OT1": -0.67, "LYSC OT2": -0.67, "METC N": -0.47, "METC HN": 0.31, "METC CA": 0.07, "METC HA": 0.09, "METC CB": -0.18, "METC HB1": 0.09, "METC HB2": 0.09, "METC CG": -0.14, "METC HG1": 0.09, "METC HG2": 0.09, "METC SD": -0.09, "METC CE": -0.22, "METC HE1": 0.09, "METC HE2": 0.09, "METC HE3": 0.09, "METC C": 0.34, "METC OT1": -0.67, "METC OT2": -0.67, "PHEC N": -0.47, "PHEC HN": 0.31, "PHEC CA": 0.07, "PHEC HA": 0.09, "PHEC CB": -0.18, "PHEC HB1": 0.09, "PHEC HB2": 0.09, "PHEC CG": 0.0, "PHEC CD1": -0.115, "PHEC HD1": 0.115, "PHEC CE1": -0.115, "PHEC HE1": 0.115, "PHEC CZ": -0.115, "PHEC HZ": 0.115, "PHEC CD2": -0.115, "PHEC HD2": 0.115, "PHEC CE2": -0.115, "PHEC HE2": 0.115, "PHEC C": 0.34, "PHEC OT1": -0.67, "PHEC OT2": -0.67, "PROC N": -0.29, "PROC CD": 0.0, "PROC HD1": 0.09, "PROC HD2": 0.09, "PROC CA": 0.02, "PROC HA": 0.09, "PROC CB": -0.18, "PROC HB1": 0.09, "PROC HB2": 0.09, "PROC CG": -0.18, "PROC HG1": 0.09, "PROC HG2": 0.09, "PROC C": 0.34, "PROC OT1": -0.67, "PROC OT2": -0.67, "SERC N": -0.47, "SERC HN": 0.31, "SERC CA": 0.07, "SERC HA": 0.09, "SERC CB": 0.05, "SERC HB1": 0.09, "SERC HB2": 0.09, "SERC OG": -0.66, "SERC HG1": 0.43, "SERC C": 0.34, "SERC OT1": -0.67, "SERC OT2": -0.67, "THRC N": -0.47, "THRC HN": 0.31, "THRC CA": 0.07, "THRC HA": 0.09, "THRC CB": 0.14, "THRC HB": 0.09, "THRC OG1": -0.66, "THRC HG1": 0.43, "THRC CG2": -0.27, "THRC HG21": 0.09, "THRC HG22": 0.09, "THRC HG23": 0.09, "THRC C": 0.34, "THRC OT1": -0.67, "THRC OT2": -0.67, "TRPC N": -0.47, "TRPC HN": 0.31, "TRPC CA": 0.07, "TRPC HA": 0.09, "TRPC CB": -0.18, "TRPC HB1": 0.09, "TRPC HB2": 0.09, "TRPC CG": -0.03, "TRPC CD1": -0.15, "TRPC HD1": 0.22, "TRPC NE1": -0.51, "TRPC HE1": 0.37, "TRPC CE2": 0.24, "TRPC CD2": 0.11, "TRPC CE3": -0.25, "TRPC HE3": 0.17, "TRPC CZ3": -0.2, "TRPC HZ3": 0.14, "TRPC CZ2": -0.27, "TRPC HZ2": 0.16, "TRPC CH2": -0.14, "TRPC HH2": 0.14, "TRPC C": 0.34, "TRPC OT1": -0.67, "TRPC OT2": -0.67, "TYRC N": -0.47, "TYRC HN": 0.31, "TYRC CA": 0.07, "TYRC HA": 0.09, "TYRC CB": -0.18, "TYRC HB1": 0.09, "TYRC HB2": 0.09, "TYRC CG": 0.0, "TYRC CD1": -0.115, "TYRC HD1": 0.115, "TYRC CE1": -0.115, "TYRC HE1": 0.115, "TYRC CZ": 0.11, "TYRC OH": -0.54, "TYRC HH": 0.43, "TYRC CD2": -0.115, "TYRC HD2": 0.115, "TYRC CE2": -0.115, "TYRC HE2": 0.115, "TYRC C": 0.34, "TYRC OT1": -0.67, "TYRC OT2": -0.67, "VALC N": -0.47, "VALC HN": 0.31, "VALC CA": 0.07, "VALC HA": 0.09, "VALC CB": -0.09, "VALC HB": 0.09, "VALC CG1": -0.27, "VALC HG11": 0.09, "VALC HG12": 0.09, "VALC HG13": 0.09, "VALC CG2": -0.27, "VALC HG21": 0.09, "VALC HG22": 0.09, "VALC HG23": 0.09, "VALC C": 0.34, "VALC OT1": -0.67, "VALC OT2": -0.67, "ALAN N": -0.3, "ALAN HT1": 0.33, "ALAN HT2": 0.33, "ALAN HT3": 0.33, "ALAN CA": 0.21, "ALAN HA": 0.1, "ALAN CB": -0.27, "ALAN HB1": 0.09, "ALAN HB2": 0.09, "ALAN HB3": 0.09, "ALAN C": 0.51, "ALAN O": -0.51, "ARGN N": -0.3, "ARGN HT1": 0.33, "ARGN HT2": 0.33, "ARGN HT3": 0.33, "ARGN CA": 0.21, "ARGN HA": 0.1, "ARGN CB": -0.18, "ARGN HB1": 0.09, "ARGN HB2": 0.09, "ARGN CG": -0.18, "ARGN HG1": 0.09, "ARGN HG2": 0.09, "ARGN CD": 0.2, "ARGN HD1": 0.09, "ARGN HD2": 0.09, "ARGN NE": -0.7, "ARGN HE": 0.44, "ARGN CZ": 0.64, "ARGN NH1": -0.8, "ARGN HH11": 0.46, "ARGN HH12": 0.46, "ARGN NH2": -0.8, "ARGN HH21": 0.46, "ARGN HH22": 0.46, "ARGN C": 0.51, "ARGN O": -0.51, "ASNN N": -0.3, "ASNN HT1": 0.33, "ASNN HT2": 0.33, "ASNN HT3": 0.33, "ASNN CA": 0.21, "ASNN HA": 0.1, "ASNN CB": -0.18, "ASNN HB1": 0.09, "ASNN HB2": 0.09, "ASNN CG": 0.55, "ASNN OD1": -0.55, "ASNN ND2": -0.62, "ASNN HD21": 0.32, "ASNN HD22": 0.3, "ASNN C": 0.51, "ASNN O": -0.51, "ASPN N": -0.3, "ASPN HT1": 0.33, "ASPN HT2": 0.33, "ASPN HT3": 0.33, "ASPN CA": 0.21, "ASPN HA": 0.1, "ASPN CB": -0.28, "ASPN HB1": 0.09, "ASPN HB2": 0.09, "ASPN CG": 0.62, "ASPN OD1": -0.76, "ASPN OD2": -0.76, "ASPN C": 0.51, "ASPN O": -0.51, "CYSN N": -0.3, "CYSN HT1": 0.33, "CYSN HT2": 0.33, "CYSN HT3": 0.33, "CYSN CA": 0.21, "CYSN HA": 0.1, "CYSN CB": -0.11, "CYSN HB1": 0.09, "CYSN HB2": 0.09, "CYSN SG": -0.23, "CYSN HG1": 0.16, "CYSN C": 0.51, "CYSN O": -0.51, "GLNN N": -0.3, "GLNN HT1": 0.33, "GLNN HT2": 0.33, "GLNN HT3": 0.33, "GLNN CA": 0.21, "GLNN HA": 0.1, "GLNN CB": -0.18, "GLNN HB1": 0.09, "GLNN HB2": 0.09, "GLNN CG": -0.18, "GLNN HG1": 0.09, "GLNN HG2": 0.09, "GLNN CD": 0.55, "GLNN OE1": -0.55, "GLNN NE2": -0.62, "GLNN HE21": 0.32, "GLNN HE22": 0.3, "GLNN C": 0.51, "GLNN O": -0.51, "GLUN N": -0.3, "GLUN HT1": 0.33, "GLUN HT2": 0.33, "GLUN HT3": 0.33, "GLUN CA": 0.21, "GLUN HA": 0.1, "GLUN CB": -0.18, "GLUN HB1": 0.09, "GLUN HB2": 0.09, "GLUN CG": -0.28, "GLUN HG1": 0.09, "GLUN HG2": 0.09, "GLUN CD": 0.62, "GLUN OE1": -0.76, "GLUN OE2": -0.76, "GLUN C": 0.51, "GLUN O": -0.51, "GLYN N": -0.3, "GLYN HT1": 0.33, "GLYN HT2": 0.33, "GLYN HT3": 0.33, "GLYN CA": 0.13, "GLYN HA1": 0.09, "GLYN HA2": 0.09, "GLYN C": 0.51, "GLYN O": -0.51, "HSDN N": -0.3, "HSDN HT1": 0.33, "HSDN HT2": 0.33, "HSDN HT3": 0.33, "HSDN CA": 0.21, "HSDN HA": 0.1, "HSDN CB": -0.09, "HSDN HB1": 0.09, "HSDN HB2": 0.09, "HSDN ND1": -0.36, "HSDN HD1": 0.32, "HSDN CG": -0.05, "HSDN CE1": 0.25, "HSDN HE1": 0.13, "HSDN NE2": -0.7, "HSDN CD2": 0.22, "HSDN HD2": 0.1, "HSDN C": 0.51, "HSDN O": -0.51, "HSEN N": -0.3, "HSEN HT1": 0.33, "HSEN HT2": 0.33, "HSEN HT3": 0.33, "HSEN CA": 0.21, "HSEN HA": 0.1, "HSEN CB": -0.08, "HSEN HB1": 0.09, "HSEN HB2": 0.09, "HSEN ND1": -0.7, "HSEN CG": 0.22, "HSEN CE1": 0.25, "HSEN HE1": 0.13, "HSEN NE2": -0.36, "HSEN HE2": 0.32, "HSEN CD2": -0.05, "HSEN HD2": 0.09, "HSEN C": 0.51, "HSEN O": -0.51, "HSPN N": -0.3, "HSPN HT1": 0.33, "HSPN HT2": 0.33, "HSPN HT3": 0.33, "HSPN CA": 0.21, "HSPN HA": 0.1, "HSPN CB": -0.05, "HSPN HB1": 0.09, "HSPN HB2": 0.09, "HSPN CD2": 0.19, "HSPN HD2": 0.13, "HSPN CG": 0.19, "HSPN NE2": -0.51, "HSPN HE2": 0.44, "HSPN ND1": -0.51, "HSPN HD1": 0.44, "HSPN CE1": 0.32, "HSPN HE1": 0.18, "HSPN C": 0.51, "HSPN O": -0.51, "ILEN N": -0.3, "ILEN HT1": 0.33, "ILEN HT2": 0.33, "ILEN HT3": 0.33, "ILEN CA": 0.21, "ILEN HA": 0.1, "ILEN CB": -0.09, "ILEN HB": 0.09, "ILEN CG2": -0.27, "ILEN HG21": 0.09, "ILEN HG22": 0.09, "ILEN HG23": 0.09, "ILEN CG1": -0.18, "ILEN HG11": 0.09, "ILEN HG12": 0.09, "ILEN CD": -0.27, "ILEN HD1": 0.09, "ILEN HD2": 0.09, "ILEN HD3": 0.09, "ILEN C": 0.51, "ILEN O": -0.51, "LEUN N": -0.3, "LEUN HT1": 0.33, "LEUN HT2": 0.33, "LEUN HT3": 0.33, "LEUN CA": 0.21, "LEUN HA": 0.1, "LEUN CB": -0.18, "LEUN HB1": 0.09, "LEUN HB2": 0.09, "LEUN CG": -0.09, "LEUN HG": 0.09, "LEUN CD1": -0.27, "LEUN HD11": 0.09, "LEUN HD12": 0.09, "LEUN HD13": 0.09, "LEUN CD2": -0.27, "LEUN HD21": 0.09, "LEUN HD22": 0.09, "LEUN HD23": 0.09, "LEUN C": 0.51, "LEUN O": -0.51, "LYSN N": -0.3, "LYSN HT1": 0.33, "LYSN HT2": 0.33, "LYSN HT3": 0.33, "LYSN CA": 0.21, "LYSN HA": 0.1, "LYSN CB": -0.18, "LYSN HB1": 0.09, "LYSN HB2": 0.09, "LYSN CG": -0.18, "LYSN HG1": 0.09, "LYSN HG2": 0.09, "LYSN CD": -0.18, "LYSN HD1": 0.09, "LYSN HD2": 0.09, "LYSN CE": 0.21, "LYSN HE1": 0.05, "LYSN HE2": 0.05, "LYSN NZ": -0.3, "LYSN HZ1": 0.33, "LYSN HZ2": 0.33, "LYSN HZ3": 0.33, "LYSN C": 0.51, "LYSN O": -0.51, "METN N": -0.3, "METN HT1": 0.33, "METN HT2": 0.33, "METN HT3": 0.33, "METN CA": 0.21, "METN HA": 0.1, "METN CB": -0.18, "METN HB1": 0.09, "METN HB2": 0.09, "METN CG": -0.14, "METN HG1": 0.09, "METN HG2": 0.09, "METN SD": -0.09, "METN CE": -0.22, "METN HE1": 0.09, "METN HE2": 0.09, "METN HE3": 0.09, "METN C": 0.51, "METN O": -0.51, "PHEN N": -0.3, "PHEN HT1": 0.33, "PHEN HT2": 0.33, "PHEN HT3": 0.33, "PHEN CA": 0.21, "PHEN HA": 0.1, "PHEN CB": -0.18, "PHEN HB1": 0.09, "PHEN HB2": 0.09, "PHEN CG": 0.0, "PHEN CD1": -0.115, "PHEN HD1": 0.115, "PHEN CE1": -0.115, "PHEN HE1": 0.115, "PHEN CZ": -0.115, "PHEN HZ": 0.115, "PHEN CD2": -0.115, "PHEN HD2": 0.115, "PHEN CE2": -0.115, "PHEN HE2": 0.115, "PHEN C": 0.51, "PHEN O": -0.51, "PRON N": -0.07, "PRON HN1": 0.24, "PRON HN2": 0.24, "PRON CD": 0.16, "PRON HD1": 0.09, "PRON HD2": 0.09, "PRON CA": 0.16, "PRON HA": 0.09, "PRON CB": -0.18, "PRON HB1": 0.09, "PRON HB2": 0.09, "PRON CG": -0.18, "PRON HG1": 0.09, "PRON C": 0.51, "PRON O": -0.51, "SERN N": -0.3, "SERN HT1": 0.33, "SERN HT2": 0.33, "SERN HT3": 0.33, "SERN CA": 0.21, "SERN HA": 0.1, "SERN CB": 0.05, "SERN HB1": 0.09, "SERN HB2": 0.09, "SERN OG": -0.66, "SERN HG1": 0.43, "SERN C": 0.51, "SERN O": -0.51, "THRN N": -0.3, "THRN HT1": 0.33, "THRN HT2": 0.33, "THRN HT3": 0.33, "THRN CA": 0.21, "THRN HA": 0.1, "THRN CB": 0.14, "THRN HB": 0.09, "THRN OG1": -0.66, "THRN HG1": 0.43, "THRN CG2": -0.27, "THRN HG21": 0.09, "THRN HG22": 0.09, "THRN HG23": 0.09, "THRN C": 0.51, "THRN O": -0.51, "TRPN N": -0.3, "TRPN HT1": 0.33, "TRPN HT2": 0.33, "TRPN HT3": 0.33, "TRPN CA": 0.21, "TRPN HA": 0.1, "TRPN CB": -0.18, "TRPN HB1": 0.09, "TRPN HB2": 0.09, "TRPN CG": -0.03, "TRPN CD1": -0.15, "TRPN HD1": 0.22, "TRPN NE1": -0.51, "TRPN HE1": 0.37, "TRPN CE2": 0.24, "TRPN CD2": 0.11, "TRPN CE3": -0.25, "TRPN HE3": 0.17, "TRPN CZ3": -0.2, "TRPN HZ3": 0.14, "TRPN CZ2": -0.27, "TRPN HZ2": 0.16, "TRPN CH2": -0.14, "TRPN HH2": 0.14, "TRPN C": 0.51, "TRPN O": -0.51, "TYRN N": -0.3, "TYRN HT1": 0.33, "TYRN HT2": 0.33, "TYRN HT3": 0.33, "TYRN CA": 0.21, "TYRN HA": 0.1, "TYRN CB": -0.18, "TYRN HB1": 0.09, "TYRN HB2": 0.09, "TYRN CG": 0.0, "TYRN CD1": -0.115, "TYRN HD1": 0.115, "TYRN CE1": -0.115, "TYRN HE1": 0.115, "TYRN CZ": 0.11, "TYRN OH": -0.54, "TYRN HH": 0.43, "TYRN CD2": -0.115, "TYRN HD2": 0.115, "TYRN CE2": -0.115, "TYRN HE2": 0.115, "TYRN C": 0.51, "TYRN O": -0.51, "VALN N": -0.3, "VALN HT1": 0.33, "VALN HT2": 0.33, "VALN HT3": 0.33, "VALN CA": 0.21, "VALN HA": 0.1, "VALN CB": -0.09, "VALN HB": 0.09, "VALN CG1": -0.27, "VALN HG11": 0.09, "VALN HG12": 0.09, "VALN HG13": 0.09, "VALN CG2": -0.27, "VALN HG21": 0.09, "VALN HG22": 0.09, "VALN HG23": 0.09, "VALN C": 0.51, "VALN O": -0.51}